﻿<?xml version="1.0" encoding="UTF-8" ?>
<extension type="package" version="2.5">
<name>Spanish Language Pack</name>
<packagename>es-ES</packagename>
<version>2.5.8.1</version>
<creationDate>8 de noviembre del 2012</creationDate>
<author>Spanish Translation Team: comunidadjoomla.org</author>
<authorEmail>info@comunidadjoomla.org</authorEmail>
<authorUrl>www.comunidadjoomla.org</authorUrl>
<copyright>Copyright (C) 2005 - 2012 comunidadjoomla.org and Open Source Matters. All rights reserved.</copyright>
<license>GNU General Public License version 2 or later; see LICENSE.txt</license>
<url></url>
<packager>Spanish Translation Team</packager>
<packagerurl>www.comunidadjoomla.org</packagerurl>
<description><![CDATA[
		<h2>Successfully installed the spanish language pack for Joomla! 2.5.8 with the TinyMCE 3.5.2 language files included.</h2>
		If you use other languages than English and spanish, please make sure that you also installed all other language packs for TinyMCE before you enabling "Automatic Language Selection" through the following steps:<br/>
		<ol>
		<li>Extensions</li>
		<li>Plugin Manager</li>
		<li><a href="index.php?option=com_plugins&view=plugins&filter_search=Editor - TinyMCE">Editor - TinyMCE</a></li>
		<li>Basic Options</li>
		<li>Automatic Language Selection :: Yes</li>
		<li>Functionality :: Extended (Optional -- If you want to use full functions of TinyMCE)</li>
		</ol>
		<p></p>
		<p>Please report any bugs or issues at the Comunidad Joomla! <a href="http://foro.comunidadjoomla.org/traduccion-ext/" target="_blank">Translation forum</a></p>
		<p></p>
		<p>Translated by: <a href="http://www.comunidadjoomla.org" target="_blank" title="">The spanish translation team of Comunidad Joomla!</a></p>
		<h2>El paquete en español para Joomla! 2.5.8, incluyendo los archivos del editor TinyMCE 3.5.2, se ha instalado correctamente</h2>
		Referente al idioma del editor TinyMCE, si usted usa otros idiomas además del inglés y el español, por favor, asegúrese de que también instala los demás idiomas para el TinyMCE antes de habilitar la opción "Selección automática del idioma" por medio de los siguientes pasos:<br/>
		<ol>
		<li>Extensiones</li>
		<li>Gestor de plugins</li>
		<li><a href="index.php?option=com_plugins&view=plugins&filter_search=Editor - TinyMCE">Editor - TinyMCE</a></li>
		<li>Opciones básicas</li>
		<li>Selección automática del idioma :: Sí</li>
		<li>Funcionalidad :: Extendida (opcional -- Si usted desea usar las funcionalidades al completo del editor TinyMCE)</li>
		</ol>
		<p></p>
		<p>Por favor, reporte cualquier bug o asunto relacionado a nuestro <a href="http://foro.comunidadjoomla.org/traduccion-ext/" target="_blank">Foro de traducciones</a></p>
		<p></p>
		<p>Traducción: <a href="http://www.comunidadjoomla.org" target="_blank" title="">El equipo de traducción de Comunidad Joomla!</a></p>
		]]></description>
<files>
        <file type="language" client="site" id="es-ES">site_es-ES.zip</file>
        <file type="language" client="administrator" id="es-ES">admin_es-ES.zip</file>
	<file type="file" client="site" id="TinyMCE_es-ES">es-ES_TinyMCE_3.5.2.zip</file>
</files>

<updateservers>
	<server type="collection" priority="1" name="Accredited Joomla! Translations">http://update.joomla.org/language/translationlist.xml</server>
        <server type="collection" priority="2" name="Accredited Joomla! Translations (es-ES)">http://updates.comunidadjoomla.org/es-ES_joomla_lang_packs_list.xml</server>   
</updateservers>

</extension>
