﻿<?xml version="1.0" encoding="UTF-8" ?>
<extension type="package" version="2.5">
	<name>Italian Language Pack</name>
	<packagename>it-IT</packagename>
	<version>2.5.8.1</version>
	<creationDate>07 novembre 2012</creationDate>
	<author>Italian translation team : joomla.it</author>
	<authorEmail>info@joomla.it</authorEmail>
	<authorUrl>www.joomla.it</authorUrl>
	<copyright>Copyright (C) 2005 - 2012 joomla.it e Open Source Matters. Tutti i diritti riservati</copyright>
	<license>GNU General Public License version 2 or later; see LICENSE.txt</license>
	<url></url>
	<packager>Joomla! Italia</packager>
	<packagerurl>www.joomla.it</packagerurl>
	<description>2.5.8 Joomla Full Italian Language Package</description>
	<files>
        <file type="language" client="site" id="it-IT">site_it-IT.zip</file>
        <file type="language" client="administrator" id="it-IT">admin_it-IT.zip</file>
		<file type="file" client="site" id="TinyMCE_it-IT">it-IT_TinyMCE_3.5.2.zip</file>
	</files>
	<updateservers>
        <server type="collection" priority="1" name="Accredited Joomla! Translations">http://update.joomla.org/language/translationlist.xml</server>
    </updateservers>
</extension>