<?xml version="1.0" encoding="UTF-8" ?>
<extension type="package" version="2.5">
<name>日本語ランゲージパック</name>
<packagename>ja-JP</packagename>
<version>2.5.8.1</version>
<creationDate>2012-11-09</creationDate>
<author>Japanese translation team : Joomla.jp</author>
<authorEmail>project@joomla.jp</authorEmail>
<authorUrl>www.joomla.jp</authorUrl>
<url></url>
<packager>Joomla!じゃぱん</packager>
<packagerurl>www.joomla.jp</packagerurl>
<description>Joomla! 2.5 用の日本語ランゲージパック Ver.2.5.8.1です。</description>
<files>
	<file type="language" client="site" id="ja-JP">site_ja-JP.zip</file>
    <file type="language" client="administrator" id="ja-JP">admin_ja-JP.zip</file>
</files>
<updateservers>
    <server type="collection" priority="1" name="Accredited Joomla! Translations">http://update.joomla.org/language/translationlist.xml</server>
</updateservers>
</extension>