<?xml version="1.0" encoding="UTF-8" ?>
<extension type="package" version="2.5">
<name>Dutch Language Pack</name>
<packagename>nl-NL</packagename>
<version>2.5.8.1</version>
<creationDate>2012-11-07</creationDate>
<author>Dutch Translation Team</author>
<packager>JoomlaCommunity</packager>
<packagerurl>http://www.joomlacommunity.eu</packagerurl>
<description>2.5 Joomla Dutch Language Package</description>
<files>
<file type="language" client="site" id="nl-NL">site_nl-NL.zip</file>
<file type="language" client="administrator" id="nl-NL">admin_nl-NL.zip</file>
<file type="file" client="site" id="TinyMCE_nl-NL">nl-NL_TinyMCE_3.5.1.1.zip</file>
</files>
<updateservers>
	<server type="collection" priority="1" name="Accredited Joomla! Translations">http://update.joomla.org/language/translationlist.xml</server>
    <server type="collection" priority="2" name="Dutch Language Updates">http://download.joomlacommunity.eu/downloads/updates/translationlist.xml</server>
</updateservers>
</extension> 